City_ID,City,Country,Date,Lat,Lng,Overall Weather,Weather Description,Max Temp,Humidity,Cloudiness,Wind Speed,Rain Inches (last 3 hrs),Snow Inches (last 3 hrs)
0,Rikitea,PF,2022-02-06 15:03:51,-23.1203,-134.9692,Clouds,overcast clouds,78.64,72,100,16.46,0.0,0.0
1,Gorzow Wielkopolski,PL,2022-02-06 15:00:11,52.7368,15.2288,Rain,light rain,45.59,77,100,11.01,0.0,0.0
2,Dehloran,IR,2022-02-06 15:03:51,32.6941,47.2679,Clear,clear sky,55.99,45,0,9.75,0.0,0.0
3,Baijiantan,CN,2022-02-06 15:03:52,45.6333,85.1833,Clear,clear sky,5.36,85,3,4.32,0.0,0.0
4,Laguna,US,2022-02-06 15:03:52,38.421,-121.4238,Mist,mist,48.34,91,0,0.0,0.0,0.0
5,Mecca,SA,2022-02-06 15:00:12,21.4267,39.8261,Clear,clear sky,76.84,24,0,14.52,0.0,0.0
6,Atuona,PF,2022-02-06 15:03:52,-9.8,-139.0333,Clouds,few clouds,78.42,74,15,20.51,0.0,0.0
7,Abu Dhabi,AE,2022-02-06 15:00:09,24.4667,54.3667,Clear,clear sky,67.96,63,0,1.99,0.0,0.0
8,Jardim,BR,2022-02-06 15:03:53,-21.4803,-56.1381,Clouds,overcast clouds,78.53,74,100,7.78,0.0,0.0
9,Sobolevo,RU,2022-02-06 15:03:53,54.4299,31.8996,Clouds,overcast clouds,30.11,85,99,11.01,0.0,0.0
10,Kailua,US,2022-02-06 15:03:54,21.4022,-157.7394,Clouds,few clouds,73.49,84,23,1.01,0.0,0.0
11,Busselton,AU,2022-02-06 15:03:54,-33.65,115.3333,Clouds,broken clouds,56.08,74,65,14.56,0.0,0.0
12,Punta Arenas,CL,2022-02-06 15:01:00,-53.15,-70.9167,Clouds,overcast clouds,57.11,76,100,10.54,0.0,0.0
13,Altus,US,2022-02-06 15:03:55,34.6381,-99.334,Clear,clear sky,30.97,81,0,0.0,0.0,0.0
14,Burns Lake,CA,2022-02-06 15:00:14,54.2331,-125.7533,Clouds,scattered clouds,16.11,94,41,3.38,0.0,0.0
15,Vaasa,FI,2022-02-06 15:03:55,63.096,21.6158,Clouds,overcast clouds,33.82,93,100,11.5,0.0,0.0
16,Cape Town,ZA,2022-02-06 15:03:55,-33.9258,18.4232,Clouds,few clouds,87.12,63,21,6.49,0.0,0.0
17,Faanui,PF,2022-02-06 15:03:56,-16.4833,-151.75,Rain,light rain,80.92,74,94,21.25,0.0,0.0
18,Mehran,IR,2022-02-06 15:03:56,33.1222,46.1646,Clear,clear sky,55.2,33,0,11.14,0.0,0.0
19,Marfino,RU,2022-02-06 15:03:57,55.7028,37.3822,Snow,snow,20.95,90,75,4.47,0.0,0.0
20,Bluff,NZ,2022-02-06 15:03:57,-46.6,168.3333,Clear,clear sky,41.81,77,0,6.26,0.0,0.0
21,Puerto Ayora,EC,2022-02-06 15:03:57,-0.7393,-90.3518,Clouds,broken clouds,80.56,90,81,5.01,0.0,0.0
22,Barrow,US,2022-02-06 15:01:32,71.2906,-156.7887,Snow,snow,-20.18,69,20,5.75,0.0,5.59
23,Portland,US,2022-02-06 15:00:19,45.5234,-122.6762,Fog,fog,41.74,93,90,1.01,0.0,0.0
24,Tasiilaq,GL,2022-02-06 15:03:11,65.6145,-37.6368,Clouds,overcast clouds,23.16,62,100,21.09,0.0,0.0
25,Chicama,PE,2022-02-06 15:03:58,-7.8447,-79.1469,Clouds,overcast clouds,68.54,70,100,6.22,0.0,0.0
26,Vaini,TO,2022-02-06 15:03:58,-21.2,-175.2,Rain,light rain,73.56,100,100,13.8,0.0,0.0
27,Paramonga,PE,2022-02-06 15:03:59,-10.6667,-77.8333,Clouds,broken clouds,72.68,75,82,7.63,0.0,0.0
28,Butaritari,KI,2022-02-06 15:03:59,3.0707,172.7902,Rain,light rain,81.0,78,54,14.94,0.0,0.0
29,Mount Isa,AU,2022-02-06 15:01:33,-20.7333,139.5,Rain,light rain,80.37,57,100,6.91,0.0,0.0
30,Ribeira Grande,PT,2022-02-06 15:04:00,38.5167,-28.7,Clouds,few clouds,63.0,82,20,21.85,0.0,0.0
31,Goure,NE,2022-02-06 15:04:00,13.9835,10.2704,Clear,clear sky,79.02,8,0,15.05,0.0,0.0
32,Ushuaia,AR,2022-02-06 14:59:26,-54.8,-68.3,Clear,clear sky,53.26,58,0,3.44,0.0,0.0
33,Kilifi,KE,2022-02-06 15:04:01,-3.6305,39.8499,Clouds,overcast clouds,81.09,78,96,14.07,0.0,0.0
34,Port Elizabeth,ZA,2022-02-06 15:04:01,-33.918,25.5701,Clouds,scattered clouds,86.09,72,31,25.9,0.0,0.0
35,Khatanga,RU,2022-02-06 15:04:01,71.9667,102.5,Clouds,overcast clouds,-22.95,99,93,7.14,0.0,0.0
36,Eston,CA,2022-02-06 15:04:02,51.1501,-108.7514,Clouds,broken clouds,23.79,81,81,11.48,0.0,0.0
37,Erenhot,CN,2022-02-06 15:04:02,43.6475,111.9767,Clear,clear sky,3.15,89,6,5.73,0.0,0.0
38,Lesozavodsk,RU,2022-02-06 15:04:02,45.4794,133.4244,Clouds,overcast clouds,-5.08,99,97,4.94,0.0,0.0
39,Yellowknife,CA,2022-02-06 15:02:14,62.456,-114.3525,Clouds,overcast clouds,-12.59,86,100,13.0,0.0,0.0
40,Noumea,NC,2022-02-06 15:04:03,-22.2763,166.4572,Clouds,overcast clouds,76.98,90,100,3.65,0.0,0.0
41,Bushenyi,UG,2022-02-06 15:04:03,-0.5853,30.2114,Clouds,overcast clouds,73.24,50,97,2.82,0.0,0.0
42,Ixtapa,MX,2022-02-06 15:04:03,20.7,-105.2,Clouds,few clouds,69.22,94,20,4.61,0.0,0.0
43,Clyde River,CA,2022-02-06 15:04:04,70.4692,-68.5914,Clouds,overcast clouds,-30.21,99,99,4.41,0.0,0.0
44,Mataura,NZ,2022-02-06 15:04:04,-46.1927,168.8643,Clear,clear sky,41.49,98,0,1.9,0.0,0.0
45,Qaanaaq,GL,2022-02-06 15:04:04,77.484,-69.3632,Clouds,overcast clouds,-13.04,65,86,8.46,0.0,0.0
46,Guerrero Negro,MX,2022-02-06 15:04:05,27.9769,-114.0611,Clear,clear sky,55.74,46,0,3.22,0.0,0.0
47,Tyukhtet,RU,2022-02-06 15:04:05,56.5389,89.3011,Clouds,overcast clouds,7.48,94,100,4.12,0.0,0.0
48,Tuktoyaktuk,CA,2022-02-06 15:04:05,69.4541,-133.0374,Clouds,overcast clouds,-15.09,98,100,10.65,0.0,0.0
49,Tashtagol,RU,2022-02-06 15:04:06,52.7657,87.8894,Clouds,few clouds,6.98,96,15,2.53,0.0,0.0
50,Tezu,IN,2022-02-06 15:04:06,27.9167,96.1667,Clouds,broken clouds,54.66,95,61,2.91,0.0,0.0
51,Faya,SA,2022-02-06 15:04:06,18.3851,42.4509,Clear,clear sky,55.92,61,5,7.23,0.0,0.0
52,Skibbereen,IE,2022-02-06 15:04:07,51.55,-9.2667,Clouds,broken clouds,50.11,80,76,25.77,0.0,0.0
53,Chapada Dos Guimaraes,BR,2022-02-06 15:04:07,-15.4606,-55.7497,Clouds,overcast clouds,78.46,71,99,4.47,0.0,0.0
54,Klaksvik,FO,2022-02-06 15:04:08,62.2266,-6.589,Clouds,broken clouds,34.72,63,81,35.46,0.0,0.0
55,Mattawa,US,2022-02-06 15:04:08,46.7379,-119.9028,Clouds,overcast clouds,37.22,93,100,3.27,0.0,0.0
56,Grants,US,2022-02-06 15:04:08,35.1473,-107.8514,Clear,clear sky,16.03,73,0,5.75,0.0,0.0
57,Boddam,GB,2022-02-06 15:04:09,57.4667,-1.7833,Clouds,scattered clouds,39.58,60,32,31.63,0.0,0.0
58,Mahebourg,MU,2022-02-06 15:04:09,-20.4081,57.7,Clouds,scattered clouds,80.26,82,43,13.2,0.0,0.0
59,Albany,US,2022-02-06 15:04:09,42.6001,-73.9662,Clouds,few clouds,17.58,62,17,1.99,0.0,0.0
60,East London,ZA,2022-02-06 15:04:10,-33.0153,27.9116,Clouds,few clouds,77.94,78,20,20.71,0.0,0.0
61,Souillac,MU,2022-02-06 15:01:05,-20.5167,57.5167,Clouds,scattered clouds,80.37,82,48,12.12,0.0,0.0
62,Hermanus,ZA,2022-02-06 15:04:10,-34.4187,19.2345,Clouds,few clouds,86.9,63,11,11.48,0.0,0.0
63,Harrow,GB,2022-02-06 15:04:11,51.5714,-0.3337,Clouds,scattered clouds,52.77,66,40,3.0,0.0,0.0
64,Purpe,RU,2022-02-06 15:04:11,64.4803,76.6897,Clouds,broken clouds,-20.6,100,67,5.32,0.0,0.0
65,Jennings,US,2022-02-06 15:04:11,38.7192,-90.2604,Clear,clear sky,31.01,76,0,1.01,0.0,0.0
66,Nome,US,2022-02-06 15:04:12,64.5011,-165.4064,Clear,clear sky,1.47,51,0,17.27,0.0,0.0
67,Kahului,US,2022-02-06 14:59:29,20.8947,-156.47,Clouds,few clouds,73.85,87,11,8.99,0.0,0.0
68,Constitucion,CL,2022-02-06 15:04:12,-35.3333,-72.4167,Clear,clear sky,73.15,49,0,4.56,0.0,0.0
69,Luanda,AO,2022-02-06 15:00:26,-8.8368,13.2343,Clouds,broken clouds,81.18,66,72,16.75,0.0,0.0
70,Cap Malheureux,MU,2022-02-06 15:01:09,-19.9842,57.6142,Clouds,overcast clouds,80.47,79,88,7.0,0.0,0.0
71,Chimore,BO,2022-02-06 15:04:13,-16.9833,-65.1333,Clouds,overcast clouds,70.77,98,100,1.01,0.0,0.0
72,Sinnamary,GF,2022-02-06 15:04:13,5.3833,-52.95,Clouds,overcast clouds,81.48,77,98,9.46,0.0,0.0
73,Suruc,TR,2022-02-06 15:04:14,36.9761,38.425,Clouds,overcast clouds,44.8,59,100,3.02,0.0,0.0
74,Codrington,AU,2022-02-06 15:04:14,-38.2667,141.9667,Clear,clear sky,62.44,67,0,11.48,0.0,0.0
75,Constantine,DZ,2022-02-06 15:00:26,36.365,6.6147,Clouds,scattered clouds,58.41,51,40,9.22,0.0,0.0
76,Yeppoon,AU,2022-02-06 15:04:14,-23.1333,150.7333,Clear,clear sky,71.38,74,9,17.22,0.0,0.0
77,Ponta Do Sol,PT,2022-02-06 15:04:15,32.6667,-17.1,Clear,clear sky,69.12,51,10,11.83,0.0,0.0
78,Robore,BO,2022-02-06 15:04:15,-18.3333,-59.75,Clouds,overcast clouds,72.09,95,100,3.53,0.0,0.0
79,Jinchang,CN,2022-02-06 15:04:15,38.4953,102.1739,Clouds,overcast clouds,13.77,98,100,3.62,0.0,0.0
80,Vila Franca Do Campo,PT,2022-02-06 15:04:16,37.7167,-25.4333,Clouds,broken clouds,63.01,84,83,14.92,0.0,0.0
81,Bakchar,RU,2022-02-06 15:04:16,57.0186,82.0711,Clouds,overcast clouds,15.17,87,100,5.35,0.0,0.0
82,Luganville,VU,2022-02-06 15:01:16,-15.5333,167.1667,Rain,light rain,76.78,89,100,3.18,0.0,0.0
83,Tocopilla,CL,2022-02-06 15:04:17,-22.092,-70.1979,Clear,clear sky,73.49,63,1,6.42,0.0,0.0
84,Sitka,US,2022-02-06 15:04:17,57.0531,-135.33,Rain,light rain,44.49,81,100,21.85,2.29,0.0
85,Tecoanapa,MX,2022-02-06 15:04:17,16.5167,-98.75,Clear,clear sky,77.72,60,0,1.74,0.0,0.0
86,Esperance,AU,2022-02-06 15:04:18,-33.8667,121.9,Clear,clear sky,69.64,81,8,24.11,0.0,0.0
87,Hithadhoo,MV,2022-02-06 14:59:37,-0.6,73.0833,Clouds,scattered clouds,82.87,71,26,11.48,0.0,0.0
88,Senador Jose Porfirio,BR,2022-02-06 15:04:18,-2.5908,-51.9542,Rain,light rain,77.77,93,100,3.65,0.0,0.0
89,Palmer,US,2022-02-06 15:04:18,42.1584,-72.3287,Clouds,few clouds,19.49,56,13,2.24,0.0,0.0
90,Mugur-Aksy,RU,2022-02-06 15:04:19,50.35,90.5,Clear,clear sky,-7.62,51,0,6.38,0.0,0.0
91,Ambatondrazaka,MG,2022-02-06 15:04:19,-17.8333,48.4167,Rain,light rain,73.06,79,100,7.9,0.0,0.0
92,Torbay,CA,2022-02-06 15:04:19,47.6666,-52.7314,Clouds,overcast clouds,18.88,88,100,8.99,0.0,0.0
93,Tanda,IN,2022-02-06 15:04:20,26.55,82.65,Clear,clear sky,55.29,72,0,3.98,0.0,0.0
94,Barra Patuca,HN,2022-02-06 15:04:20,15.8,-84.2833,Clouds,few clouds,78.31,76,13,8.01,0.0,0.0
95,Birecik,TR,2022-02-06 15:04:21,37.0294,37.9903,Clouds,overcast clouds,49.21,64,100,3.42,0.0,0.0
96,Phon Thong,TH,2022-02-06 15:04:21,16.3016,103.9768,Clouds,few clouds,82.94,65,20,5.7,0.0,0.0
97,Ilulissat,GL,2022-02-06 15:04:21,69.2167,-51.1,Clouds,overcast clouds,-0.38,46,100,3.44,0.0,0.0
98,Nieves,PH,2022-02-06 15:04:22,15.3274,120.9485,Clouds,scattered clouds,73.17,83,48,3.71,0.0,0.0
99,Newark,US,2022-02-06 15:04:22,40.7357,-74.1724,Clouds,scattered clouds,26.51,49,40,5.75,0.0,0.0
100,Kirando,TZ,2022-02-06 15:04:22,-7.4167,30.6,Rain,light rain,76.66,74,93,1.72,0.0,0.0
101,Bengkulu,ID,2022-02-06 15:04:23,-3.8004,102.2655,Rain,light rain,77.97,80,98,7.65,0.0,0.0
102,Belmonte,BR,2022-02-06 15:04:23,-15.8631,-38.8828,Clouds,broken clouds,82.9,60,51,8.77,0.0,0.0
103,Grindavik,IS,2022-02-06 15:04:23,63.8424,-22.4338,Clouds,scattered clouds,30.67,74,40,11.5,0.0,0.0
104,Lompoc,US,2022-02-06 15:04:24,34.6391,-120.4579,Clear,clear sky,53.56,86,0,5.75,0.0,0.0
105,Caravelas,BR,2022-02-06 15:04:24,-17.7125,-39.2481,Clear,clear sky,86.92,55,0,10.04,0.0,0.0
106,Mahibadhoo,MV,2022-02-06 15:04:24,3.7833,72.9667,Clouds,few clouds,82.26,63,21,11.9,0.0,0.0
107,Fairbanks,US,2022-02-06 15:02:28,64.8378,-147.7164,Snow,light snow,3.09,80,100,6.91,0.0,0.0
108,Ambilobe,MG,2022-02-06 15:04:25,-13.2,49.05,Rain,light rain,77.79,88,15,7.09,0.0,0.0
109,Mayo,US,2022-02-06 15:04:25,38.8876,-76.5119,Clear,clear sky,30.24,48,0,5.01,0.0,0.0
110,Mitu,CO,2022-02-06 15:04:26,1.1983,-70.1733,Clouds,broken clouds,85.33,57,62,2.44,0.0,0.0
111,Bonthe,SL,2022-02-06 15:03:06,7.5264,-12.505,Clear,clear sky,88.12,54,5,14.52,0.0,0.0
112,Sao Joao Da Barra,BR,2022-02-06 15:04:26,-21.6403,-41.0511,Clear,clear sky,86.09,76,3,14.61,0.0,0.0
113,Jamestown,US,2022-02-06 15:00:00,42.097,-79.2353,Clear,clear sky,23.52,44,10,8.99,0.0,0.0
114,Port Alfred,ZA,2022-02-06 15:04:27,-33.5906,26.891,Clear,clear sky,78.62,76,0,31.03,0.0,0.0
115,Samarkand,UZ,2022-02-06 15:01:00,39.6542,66.9597,Clouds,broken clouds,35.02,87,75,16.11,0.0,0.0
116,Muros,ES,2022-02-06 15:04:27,42.7762,-9.0603,Clouds,broken clouds,60.67,53,59,8.97,0.0,0.0
117,Sept-Iles,CA,2022-02-06 15:01:17,50.2001,-66.3821,Clear,clear sky,1.06,51,9,1.01,0.0,0.0
118,Carnarvon,AU,2022-02-06 15:04:27,-24.8667,113.6333,Clear,clear sky,75.54,73,1,23.04,0.0,0.0
119,Kodiak,US,2022-02-06 15:04:28,57.79,-152.4072,Clear,clear sky,38.71,70,0,10.36,0.0,0.0
120,Hilo,US,2022-02-06 15:04:28,19.7297,-155.09,Rain,heavy intensity rain,68.79,91,100,8.05,3.05,0.0
121,La Mira,MX,2022-02-06 15:04:29,18.035,-102.3266,Clear,clear sky,76.96,45,4,2.48,0.0,0.0
122,Saskylakh,RU,2022-02-06 15:04:29,71.9167,114.0833,Clouds,overcast clouds,-25.71,100,97,1.48,0.0,0.0
123,Sao Filipe,CV,2022-02-06 15:04:29,14.8961,-24.4956,Clear,clear sky,75.43,66,0,7.94,0.0,0.0
124,Ulaangom,MN,2022-02-06 15:01:10,49.9811,92.0667,Clouds,overcast clouds,-24.84,96,89,3.31,0.0,0.0
125,Tuatapere,NZ,2022-02-06 15:04:30,-46.1333,167.6833,Clear,clear sky,41.83,91,2,3.71,0.0,0.0
126,Norman Wells,CA,2022-02-06 15:04:30,65.282,-126.8329,Clouds,overcast clouds,-13.49,99,100,4.76,0.0,0.0
127,Ouro Preto Do Oeste,BR,2022-02-06 15:04:31,-10.7481,-62.2158,Clouds,overcast clouds,84.38,72,88,2.93,0.0,0.0
128,Lavrentiya,RU,2022-02-06 15:04:31,65.5833,-171.0,Clear,clear sky,-12.66,90,5,7.36,0.0,0.0
129,Broome,US,2022-02-06 15:04:31,42.2506,-75.833,Clear,clear sky,18.37,72,0,3.0,0.0,0.0
130,New Norfolk,AU,2022-02-06 15:04:32,-42.7826,147.0587,Clouds,broken clouds,51.93,63,64,0.54,0.0,0.0
131,Salisbury,GB,2022-02-06 15:00:25,51.0693,-1.7957,Rain,light rain,54.09,84,96,26.93,0.0,0.0
132,Leningradskiy,RU,2022-02-06 15:04:32,69.3833,178.4167,Clouds,few clouds,-22.67,97,20,5.66,0.0,0.0
133,Mpika,ZM,2022-02-06 15:04:32,-11.8343,31.4529,Rain,light rain,61.72,97,100,4.59,0.0,0.0
134,Bira,RU,2022-02-06 15:04:33,49.0,132.4667,Clouds,overcast clouds,-8.03,98,97,2.68,0.0,0.0
135,Nikolskoye,RU,2022-02-06 15:04:33,59.7035,30.7861,Snow,light snow,34.72,89,100,12.48,0.0,0.0
136,Castro,BR,2022-02-06 15:04:34,-24.7911,-50.0119,Clouds,broken clouds,74.82,75,80,8.63,0.0,0.0
137,Port Lincoln,AU,2022-02-06 15:00:25,-34.7333,135.8667,Clear,clear sky,70.3,70,0,13.69,0.0,0.0
138,Lebowakgomo,ZA,2022-02-06 15:04:34,-24.2,29.5,Clouds,overcast clouds,64.85,45,88,11.01,0.0,0.0
139,Coquimbo,CL,2022-02-06 15:04:34,-29.9533,-71.3436,Clouds,scattered clouds,65.93,77,40,9.22,0.0,0.0
140,Roswell,US,2022-02-06 15:04:16,34.0232,-84.3616,Clear,clear sky,38.97,53,0,1.01,0.0,0.0
141,Aklavik,CA,2022-02-06 15:04:35,68.2191,-135.0107,Clouds,overcast clouds,-13.09,95,100,15.88,0.0,0.0
142,Grevesmuhlen,DE,2022-02-06 15:04:35,53.8667,11.1833,Rain,light rain,39.94,95,100,12.41,0.0,0.0
143,Victoria,HK,2022-02-06 15:00:22,22.2855,114.1577,Clouds,overcast clouds,62.65,84,100,8.99,0.0,0.0
144,Saint-Philippe,RE,2022-02-06 15:04:36,-21.3585,55.7679,Clouds,overcast clouds,81.99,80,99,16.49,0.0,0.0
145,Halifax,CA,2022-02-06 15:00:17,44.6453,-63.5724,Clear,clear sky,16.21,79,0,7.0,0.0,0.0
146,Lata,PT,2022-02-06 15:04:36,40.1629,-8.3327,Clouds,broken clouds,67.5,38,54,5.35,0.0,0.0
147,Jiexiu,CN,2022-02-06 15:04:36,37.0244,111.9125,Clouds,overcast clouds,27.66,66,100,2.93,0.0,0.0
148,Orange Cove,US,2022-02-06 15:04:37,36.6244,-119.3137,Clear,clear sky,41.49,45,0,2.44,0.0,0.0
149,Touros,BR,2022-02-06 15:04:37,-5.1989,-35.4608,Clouds,few clouds,90.5,52,22,12.26,0.0,0.0
150,Dikson,RU,2022-02-06 15:04:38,73.5069,80.5464,Clouds,broken clouds,-23.42,100,73,7.31,0.0,0.0
151,Avarua,CK,2022-02-06 15:04:38,-21.2078,-159.775,Rain,moderate rain,71.65,100,20,5.75,0.0,0.0
152,Visby,SE,2022-02-06 15:04:38,57.6409,18.296,Clear,clear sky,37.62,81,0,16.11,0.0,0.0
153,Yenagoa,NG,2022-02-06 15:03:00,4.9247,6.2642,Clear,clear sky,99.57,24,0,4.07,0.0,0.0
154,Baker City,US,2022-02-06 15:01:15,44.7749,-117.8344,Mist,mist,20.82,85,100,0.0,0.0,0.0
155,Najran,SA,2022-02-06 15:04:39,17.4924,44.1277,Clear,clear sky,69.22,30,5,13.04,0.0,0.0
156,Maningrida,AU,2022-02-06 15:04:39,-12.0667,134.2667,Clouds,broken clouds,78.01,79,73,3.0,0.0,0.0
157,Necochea,AR,2022-02-06 15:04:40,-38.5473,-58.7368,Clouds,overcast clouds,63.03,83,91,19.84,0.0,0.0
158,Bolobo,CD,2022-02-06 15:04:40,-2.1667,16.2333,Clouds,scattered clouds,92.93,35,30,2.91,0.0,0.0
159,Anshun,CN,2022-02-06 15:04:40,26.25,105.9333,Clouds,overcast clouds,41.49,96,100,4.83,0.0,0.0
160,Ruteng,ID,2022-02-06 15:04:41,-8.6136,120.4721,Clouds,scattered clouds,63.37,92,38,1.81,0.0,0.0
161,Gat,IL,2022-02-06 15:04:41,31.61,34.7642,Clouds,broken clouds,57.88,100,61,7.4,0.0,0.0
162,Vila,PT,2022-02-06 15:04:41,42.0304,-8.1588,Clouds,scattered clouds,53.74,45,43,5.17,0.0,0.0
163,Kapaa,US,2022-02-06 15:04:42,22.0752,-159.319,Clouds,broken clouds,70.12,87,75,4.61,0.0,0.0
164,Luderitz,NA,2022-02-06 15:04:42,-26.6481,15.1594,Clouds,scattered clouds,71.98,71,26,12.88,0.0,0.0
165,Thompson,CA,2022-02-06 15:00:25,55.7435,-97.8558,Clouds,few clouds,-31.16,100,20,1.32,0.0,0.0
166,Mount Gambier,AU,2022-02-06 15:04:42,-37.8333,140.7667,Clear,clear sky,65.73,54,2,7.11,0.0,0.0
167,Port-Cartier,CA,2022-02-06 15:02:27,50.0334,-66.8654,Clouds,few clouds,0.75,75,16,4.81,0.0,0.0
168,Osinki,RU,2022-02-06 15:04:43,52.8432,49.5132,Clouds,overcast clouds,23.2,97,100,6.51,0.0,0.0
169,Te Anau,NZ,2022-02-06 15:04:43,-45.4167,167.7167,Clear,clear sky,40.62,92,1,1.77,0.0,0.0
170,Mamakan,RU,2022-02-06 15:04:43,57.8161,114.0028,Clouds,overcast clouds,5.86,96,100,4.16,0.0,0.0
171,Maceio,BR,2022-02-06 15:00:16,-9.6658,-35.7353,Clouds,scattered clouds,87.24,58,40,13.8,0.0,0.0
172,Kangaatsiaq,GL,2022-02-06 15:04:44,68.3065,-53.4641,Snow,light snow,5.05,94,100,8.28,0.0,0.0
173,Georgetown,MY,2022-02-06 15:04:45,5.4112,100.3354,Thunderstorm,thunderstorm with rain,76.95,94,40,11.5,0.0,0.0
174,Boyolangu,ID,2022-02-06 15:04:45,-8.1181,111.8935,Clouds,overcast clouds,74.88,98,100,4.07,0.0,0.0
175,Narsaq,GL,2022-02-06 15:04:45,60.9167,-46.05,Clouds,overcast clouds,7.02,55,100,2.26,0.0,0.0
176,Brigantine,US,2022-02-06 15:04:46,39.4101,-74.3646,Clear,clear sky,32.04,65,0,8.05,0.0,0.0
177,Rincon,US,2022-02-06 15:04:46,32.296,-81.2354,Clouds,overcast clouds,42.71,85,100,1.99,0.0,0.0
178,La Ronge,CA,2022-02-06 15:01:54,55.1001,-105.2842,Clouds,few clouds,-13.97,98,18,6.02,0.0,0.0
179,Evensk,RU,2022-02-06 15:04:47,61.95,159.2333,Clear,clear sky,5.79,59,0,12.44,0.0,0.0
180,Upernavik,GL,2022-02-06 15:04:47,72.7868,-56.1549,Clouds,overcast clouds,-6.27,94,100,4.23,0.0,0.0
181,Tiksi,RU,2022-02-06 15:04:47,71.6872,128.8694,Clouds,overcast clouds,-17.43,98,100,2.86,0.0,0.0
182,Bredasdorp,ZA,2022-02-06 15:04:48,-34.5322,20.0403,Clouds,scattered clouds,77.29,28,41,14.32,0.0,0.0
183,Vytegra,RU,2022-02-06 15:04:48,61.0064,36.4481,Clouds,overcast clouds,14.99,92,98,10.02,0.0,0.0
184,Kitgum,UG,2022-02-06 15:04:48,3.2783,32.8867,Clouds,overcast clouds,89.78,20,100,3.85,0.0,0.0
185,Pangnirtung,CA,2022-02-06 15:04:49,66.1451,-65.7125,Clouds,overcast clouds,-33.9,90,96,3.96,0.0,0.0
186,Mosetse,BW,2022-02-06 15:04:49,-20.75,26.65,Clouds,scattered clouds,78.17,48,47,18.68,0.0,0.0
187,College,US,2022-02-06 15:04:49,64.8569,-147.8028,Snow,light snow,2.28,79,100,3.44,0.0,0.0
188,Hvide Sande,DK,2022-02-06 15:04:50,56.0045,8.1294,Clouds,overcast clouds,42.21,74,100,19.73,0.0,0.0
189,Viedma,AR,2022-02-06 15:04:50,-40.8135,-62.9967,Clouds,scattered clouds,68.58,36,26,7.07,0.0,0.0
190,Kruisfontein,ZA,2022-02-06 15:04:51,-34.0033,24.7314,Clouds,broken clouds,83.88,48,78,19.35,0.0,0.0
191,Plettenberg Bay,ZA,2022-02-06 15:04:51,-34.0527,23.3716,Clouds,broken clouds,80.1,59,68,4.74,0.0,0.0
192,Damghan,IR,2022-02-06 15:04:51,36.1683,54.348,Clouds,broken clouds,39.24,45,76,4.47,0.0,0.0
193,Wajima,JP,2022-02-06 15:04:52,37.4,136.9,Snow,light snow,33.73,70,96,19.6,0.0,0.0
194,High Level,CA,2022-02-06 15:04:52,58.5169,-117.136,Snow,light shower snow,-0.29,85,100,4.61,0.0,0.0
195,Hobart,AU,2022-02-06 15:02:33,-42.8794,147.3294,Clouds,scattered clouds,52.27,81,42,0.0,0.0,0.0
196,Bethel,US,2022-02-06 15:04:53,41.3712,-73.414,Clear,clear sky,22.78,61,0,3.44,0.0,0.0
197,Verkhoyansk,RU,2022-02-06 15:04:53,67.5447,133.385,Clouds,overcast clouds,-38.9,99,100,0.78,0.0,0.0
198,Los Llanos De Aridane,ES,2022-02-06 15:04:53,28.6585,-17.9182,Clouds,few clouds,68.13,60,20,14.0,0.0,0.0
199,Kaitangata,NZ,2022-02-06 15:04:54,-46.2817,169.8464,Clear,clear sky,48.92,77,1,2.08,0.0,0.0
200,Akdepe,TM,2022-02-06 15:04:54,42.0551,59.3788,Clouds,overcast clouds,32.0,55,100,11.18,0.0,0.0
201,Cherskiy,RU,2022-02-06 15:04:54,68.75,161.3,Clouds,scattered clouds,-30.37,100,44,0.92,0.0,0.0
202,Segezha,RU,2022-02-06 15:04:55,63.7415,34.3222,Clouds,overcast clouds,12.22,93,94,12.01,0.0,0.0
203,Sidvokodvo,SZ,2022-02-06 15:04:55,-26.6282,31.4202,Rain,light rain,77.13,71,60,11.05,0.0,0.0
204,Dingle,PH,2022-02-06 15:04:55,10.9995,122.6711,Clouds,scattered clouds,75.51,87,41,10.0,0.0,0.0
205,Bayir,TR,2022-02-06 15:04:56,37.2687,28.2167,Clouds,few clouds,52.63,68,16,3.98,0.0,0.0
206,Tecate,MX,2022-02-06 15:04:56,32.5667,-116.6333,Clear,clear sky,54.3,37,1,5.84,0.0,0.0
207,Grand-Santi,GF,2022-02-06 15:04:57,4.25,-54.3833,Rain,light rain,84.4,67,100,3.69,0.0,0.0
208,Dunedin,NZ,2022-02-06 15:00:52,-45.8742,170.5036,Clouds,scattered clouds,48.79,79,34,3.83,0.0,0.0
209,Naifaru,MV,2022-02-06 15:04:57,5.4444,73.3657,Clouds,overcast clouds,81.75,64,99,11.59,0.0,0.0
210,Caucaia,BR,2022-02-06 15:04:57,-3.7361,-38.6531,Clouds,scattered clouds,85.95,68,40,12.66,0.0,0.0
211,Bambous Virieux,MU,2022-02-06 15:04:58,-20.3428,57.7575,Clouds,scattered clouds,80.22,82,46,12.8,0.0,0.0
212,Iqaluit,CA,2022-02-06 15:00:14,63.7506,-68.5145,Clouds,broken clouds,-36.31,65,69,4.0,0.0,0.0
213,Perth,AU,2022-02-06 15:03:43,-31.9333,115.8333,Clouds,broken clouds,66.67,63,75,12.66,0.0,0.0
214,Quatre Cocos,MU,2022-02-06 15:04:58,-20.2078,57.7625,Clouds,broken clouds,80.1,82,62,12.06,0.0,0.0
215,Kamariotissa,GR,2022-02-06 15:04:59,40.4833,25.4667,Clear,clear sky,55.45,60,0,3.36,0.0,0.0
216,Shahrud,IR,2022-02-06 15:04:59,36.4182,54.9763,Clouds,overcast clouds,32.43,63,97,5.95,0.0,0.0
217,Veraval,IN,2022-02-06 15:04:59,20.9,70.3667,Clear,clear sky,69.06,66,7,8.52,0.0,0.0
218,Poum,NC,2022-02-06 15:05:00,-20.2333,164.0167,Rain,light rain,79.11,84,100,6.58,0.0,0.0
219,Namuac,PH,2022-02-06 15:05:00,18.6109,121.1657,Clouds,overcast clouds,72.39,90,100,17.0,0.0,0.0
220,Chokurdakh,RU,2022-02-06 15:05:01,70.6333,147.9167,Clouds,overcast clouds,-38.67,100,98,2.17,0.0,0.0
221,Baruun-Urt,MN,2022-02-06 15:01:10,46.6806,113.2792,Clouds,few clouds,0.41,89,12,6.67,0.0,0.0
222,Manzanillo,CU,2022-02-06 15:00:13,20.3433,-77.1167,Clear,clear sky,81.09,47,2,12.62,0.0,0.0
223,Manokwari,ID,2022-02-06 15:05:01,-0.8667,134.0833,Clouds,overcast clouds,77.99,80,100,4.68,0.0,0.0
224,Longyearbyen,SJ,2022-02-06 15:05:02,78.2186,15.6401,Snow,light snow,21.04,58,40,19.57,0.0,0.0
225,Yulara,AU,2022-02-06 15:05:02,-25.2406,130.9889,Clear,clear sky,75.04,31,0,8.05,0.0,0.0
226,Tuglui,RO,2022-02-06 15:05:03,44.1833,23.8167,Clear,clear sky,51.48,27,0,6.91,0.0,0.0
227,Cidreira,BR,2022-02-06 15:05:03,-30.1811,-50.2056,Clouds,few clouds,78.71,59,24,13.51,0.0,0.0
228,Porto Novo,BJ,2022-02-06 15:05:03,6.4965,2.6036,Clouds,broken clouds,88.03,50,51,10.96,0.0,0.0
229,Maudaha,IN,2022-02-06 15:05:04,25.6833,80.1167,Clear,clear sky,58.98,50,0,5.86,0.0,0.0
230,Chunhuhub,MX,2022-02-06 15:05:04,19.55,-88.6833,Clouds,broken clouds,73.11,77,70,4.32,0.0,0.0
231,La Rioja,ES,2022-02-06 15:05:05,42.25,-2.5,Clouds,overcast clouds,53.04,44,100,4.76,0.0,0.0
232,Porangatu,BR,2022-02-06 15:05:05,-13.4408,-49.1486,Clouds,overcast clouds,79.68,82,99,4.63,0.0,0.0
233,Ajaccio,FR,2022-02-06 15:05:05,42.0,8.9167,Clear,clear sky,57.25,72,0,9.22,0.0,0.0
234,Olafsvik,IS,2022-02-06 15:05:06,64.8945,-23.7142,Clouds,broken clouds,28.98,69,74,14.61,0.0,0.0
235,Griffith,US,2022-02-06 15:05:06,41.5284,-87.4237,Clear,clear sky,25.09,73,0,3.0,0.0,0.0
236,Aktau,KZ,2022-02-06 15:05:06,43.65,51.2,Clouds,broken clouds,36.18,62,84,14.23,0.0,0.0
237,Madimba,TZ,2022-02-06 15:05:07,-10.4,40.3333,Clouds,broken clouds,82.2,73,81,11.68,0.0,0.0
238,Margate,GB,2022-02-06 15:05:07,51.3813,1.3862,Clouds,broken clouds,53.31,61,80,8.01,0.0,0.0
239,Rundu,NA,2022-02-06 15:05:07,-17.9333,19.7667,Rain,light rain,76.78,66,80,6.17,0.0,0.0
240,Airai,TL,2022-02-06 15:05:08,-8.9266,125.4092,Clouds,broken clouds,62.31,94,83,1.5,0.0,0.0
241,Groa,NO,2022-02-06 15:05:08,62.65,8.7167,Rain,light rain,35.69,95,100,5.26,0.0,0.0
242,Miranda,CO,2022-02-06 15:05:09,3.2499,-76.2281,Clouds,broken clouds,73.42,81,83,3.6,0.0,0.0
243,Morondava,MG,2022-02-06 15:05:09,-20.2833,44.2833,Rain,light rain,80.62,83,100,21.94,0.0,0.0
244,Trairi,BR,2022-02-06 15:05:09,-3.2778,-39.2689,Clouds,broken clouds,86.14,60,64,10.92,0.0,0.0
245,Winston,US,2022-02-06 15:01:08,28.0317,-82.0148,Clouds,overcast clouds,59.97,92,100,8.05,0.0,0.0
246,Zhigansk,RU,2022-02-06 15:05:10,66.7697,123.3711,Clouds,overcast clouds,-29.38,100,99,6.49,0.0,0.0
247,Mwinilunga,ZM,2022-02-06 15:05:10,-11.7358,24.4293,Rain,light rain,73.45,68,95,8.81,0.0,0.0
248,Cabo San Lucas,MX,2022-02-06 15:05:11,22.8909,-109.9124,Clouds,scattered clouds,65.52,76,40,3.44,0.0,0.0
249,Jumla,NP,2022-02-06 15:01:19,29.2747,82.1838,Clear,clear sky,33.94,72,3,5.7,0.0,0.0
250,Belaguntha,IN,2022-02-06 15:05:11,19.8833,84.65,Clouds,scattered clouds,65.12,51,45,1.48,0.0,0.0
251,Syracuse,IT,2022-02-06 15:05:11,37.0881,15.2792,Clouds,overcast clouds,60.89,79,100,9.33,0.0,0.0
252,Itoman,JP,2022-02-06 15:05:12,26.1247,127.6694,Clouds,overcast clouds,59.02,58,100,11.5,0.0,0.0
253,Mulege,MX,2022-02-06 15:05:12,26.8833,-111.9833,Clear,clear sky,56.7,55,0,2.48,0.0,0.0
254,Polovinnoye,RU,2022-02-06 15:05:12,54.7914,65.9864,Clouds,overcast clouds,6.85,85,90,7.94,0.0,0.0
255,Bhandaria,BD,2022-02-06 15:05:13,22.4861,90.0609,Clouds,few clouds,62.51,55,14,5.82,0.0,0.0
256,Seoul,KR,2022-02-06 15:04:18,37.5683,126.9778,Clouds,broken clouds,26.11,48,52,7.09,0.0,0.0
257,Havoysund,NO,2022-02-06 15:05:13,70.9963,24.6622,Clouds,scattered clouds,29.28,72,46,28.25,0.0,0.0
258,Maraa,BR,2022-02-06 15:05:14,-1.8333,-65.3667,Clouds,overcast clouds,75.25,92,100,4.16,0.0,0.0
259,Aswan,EG,2022-02-06 15:05:14,24.0934,32.907,Clear,clear sky,69.48,21,0,12.71,0.0,0.0
260,Carutapera,BR,2022-02-06 15:05:14,-1.195,-46.02,Clouds,overcast clouds,81.14,87,99,7.83,0.0,0.0
261,Kununurra,AU,2022-02-06 15:05:15,-15.7667,128.7333,Clouds,broken clouds,73.38,100,75,2.3,0.0,0.0
262,Cacapava,BR,2022-02-06 15:05:15,-23.1008,-45.7069,Clouds,overcast clouds,83.28,78,100,1.7,0.0,0.0
263,Eltham,NZ,2022-02-06 15:05:16,-39.4292,174.3,Clouds,overcast clouds,61.68,96,100,9.08,0.0,0.0
264,Mar Del Plata,AR,2022-02-06 15:05:16,-38.0023,-57.5575,Clouds,overcast clouds,64.87,92,100,17.0,0.0,0.0
265,Uyuni,BO,2022-02-06 15:05:16,-20.4597,-66.825,Clouds,scattered clouds,57.81,33,28,5.35,0.0,0.0
266,Deputatskiy,RU,2022-02-06 15:05:17,69.3,139.9,Clouds,broken clouds,-32.51,99,83,4.25,0.0,0.0
267,George,ZA,2022-02-06 15:05:17,-33.963,22.4617,Clear,clear sky,89.15,35,0,4.61,0.0,0.0
268,Chuy,UY,2022-02-06 15:05:18,-33.6971,-53.4616,Clouds,broken clouds,67.98,71,82,12.12,0.0,0.0
269,Huilong,CN,2022-02-06 15:05:18,31.8111,121.655,Clouds,overcast clouds,42.93,60,100,7.54,0.0,0.0
270,Marblehead,US,2022-02-06 15:05:18,42.5001,-70.8578,Clear,clear sky,22.35,62,0,3.0,0.0,0.0
271,Fengrun,CN,2022-02-06 15:05:19,39.8333,118.1167,Clouds,overcast clouds,22.75,35,100,3.96,0.0,0.0
272,Hamilton,US,2022-02-06 15:01:48,39.1834,-84.5333,Clear,clear sky,28.08,82,0,1.01,0.0,0.0
273,Tromso,NO,2022-02-06 15:05:08,69.6496,18.957,Clear,clear sky,30.22,55,0,16.11,0.0,0.0
274,Lorengau,PG,2022-02-06 15:01:17,-2.0226,147.2712,Clouds,overcast clouds,81.72,79,100,6.24,0.0,0.0
275,Komsomolskiy,UZ,2022-02-06 15:05:19,40.4272,71.7189,Rain,light intensity shower rain,41.72,81,75,0.0,0.0,0.0
276,Taoudenni,ML,2022-02-06 15:05:20,22.6783,-3.9836,Clouds,overcast clouds,81.97,7,100,7.87,0.0,0.0
277,Pisco,PE,2022-02-06 15:05:20,-13.7,-76.2167,Mist,mist,69.85,83,99,9.22,0.0,0.0
278,Ayios Vasilios,GR,2022-02-06 15:05:20,37.8,22.8,Clouds,overcast clouds,57.31,63,94,3.49,0.0,0.0
279,Champerico,GT,2022-02-06 15:05:21,14.3,-91.9167,Clear,clear sky,89.35,58,6,2.28,0.0,0.0
280,Zyryanskoye,RU,2022-02-06 15:05:21,56.8306,86.6258,Clouds,overcast clouds,13.19,90,100,5.99,0.0,0.0
281,Bartica,GY,2022-02-06 15:05:22,6.4,-58.6167,Clouds,overcast clouds,80.47,85,88,2.77,0.0,0.0
282,Bilma,NE,2022-02-06 15:05:22,18.6853,12.9164,Clear,clear sky,77.83,9,0,11.72,0.0,0.0
283,Chumikan,RU,2022-02-06 15:05:22,54.7183,135.315,Clouds,overcast clouds,-6.61,86,96,9.46,0.0,0.0
284,Kutum,SD,2022-02-06 15:05:23,14.2,24.6667,Clouds,broken clouds,70.38,9,53,15.46,0.0,0.0
285,Batagay-Alyta,RU,2022-02-06 15:05:23,67.8006,130.4114,Clouds,overcast clouds,-25.74,99,100,3.18,0.0,0.0
286,Kampong Chhnang,KH,2022-02-06 15:05:23,12.1667,104.55,Clouds,overcast clouds,81.77,54,87,6.24,0.0,0.0
287,Olinda,BR,2022-02-06 15:05:24,-8.0089,-34.8553,Clouds,scattered clouds,87.53,58,40,9.22,0.0,0.0
288,Chifeng,CN,2022-02-06 15:05:24,42.2683,118.9636,Clear,clear sky,11.14,75,0,5.19,0.0,0.0
289,Ahipara,NZ,2022-02-06 15:05:24,-35.1667,173.1667,Clouds,overcast clouds,72.19,98,100,8.63,0.0,0.0
290,Tiznit,MA,2022-02-06 15:05:25,29.5833,-9.5,Clear,clear sky,75.97,14,7,5.82,0.0,0.0
291,Cordoba,AR,2022-02-06 15:05:25,-31.4135,-64.1811,Clouds,few clouds,76.75,39,20,1.99,0.0,0.0
292,Salzgitter,DE,2022-02-06 15:05:25,52.1526,10.3314,Rain,moderate rain,44.01,80,100,3.0,0.0,0.0
293,Wenling,CN,2022-02-06 15:05:26,28.3669,121.36,Rain,light rain,44.91,80,100,9.22,0.0,0.0
294,Broken Hill,AU,2022-02-06 15:05:26,-31.95,141.4333,Clouds,few clouds,75.22,31,12,15.1,0.0,0.0
295,Boa Vista,BR,2022-02-06 15:00:58,2.8197,-60.6733,Rain,moderate rain,77.47,78,100,4.41,0.0,0.0
296,Beringovskiy,RU,2022-02-06 15:05:26,63.05,179.3167,Clouds,few clouds,-16.17,98,16,9.48,0.0,0.0
297,Yuzawa,JP,2022-02-06 15:05:27,39.1667,140.5,Snow,snow,24.39,96,100,8.28,0.0,0.0
298,Port Macquarie,AU,2022-02-06 15:02:29,-31.4333,152.9167,Clouds,overcast clouds,62.89,76,89,13.22,0.0,0.0
299,Kenai,US,2022-02-06 15:05:27,60.5544,-151.2583,Clear,clear sky,21.15,90,0,0.0,0.0,0.0
300,Atar,MR,2022-02-06 15:05:28,20.5169,-13.0499,Clear,clear sky,91.74,5,0,6.76,0.0,0.0
301,Singaraja,ID,2022-02-06 15:01:04,-8.112,115.0882,Clouds,overcast clouds,79.97,87,100,4.68,0.0,0.0
302,Linkoping,SE,2022-02-06 15:05:28,58.4109,15.6216,Clouds,scattered clouds,37.81,79,40,6.91,0.0,0.0
303,Reo,BF,2022-02-06 15:05:29,12.3167,-2.4667,Clear,clear sky,93.27,7,0,5.97,0.0,0.0
304,Nanortalik,GL,2022-02-06 15:05:29,60.1432,-45.2371,Snow,light snow,13.75,56,100,14.47,0.0,0.0
305,Mkuranga,TZ,2022-02-06 15:05:29,-7.118,39.2078,Clouds,overcast clouds,82.26,76,100,5.75,0.0,0.0
306,Saeby,DK,2022-02-06 15:05:30,57.3319,10.5225,Clouds,broken clouds,35.53,70,84,13.8,0.0,0.0
307,Alice Town,BS,2022-02-06 15:05:30,25.7167,-79.3,Clouds,few clouds,74.12,74,17,9.93,0.0,0.0
308,Salinas,US,2022-02-06 15:03:37,36.6777,-121.6555,Clear,clear sky,52.03,70,0,9.22,0.0,0.0
309,Bodden Town,KY,2022-02-06 15:05:31,19.2833,-81.25,Clear,clear sky,82.99,62,1,10.0,0.0,0.0
310,Qunduz,AF,2022-02-06 15:05:31,36.729,68.857,Clouds,overcast clouds,43.86,84,100,3.62,0.0,0.0
311,Sheffield Lake,US,2022-02-06 15:05:31,41.4875,-82.1015,Clear,clear sky,25.74,74,0,8.01,0.0,0.0
312,West Bay,KY,2022-02-06 15:05:32,19.3667,-81.4167,Clear,clear sky,83.07,69,0,1.99,0.0,0.0
313,Vestmannaeyjar,IS,2022-02-06 15:03:11,63.4427,-20.2734,Clear,clear sky,31.19,74,0,13.8,0.0,0.0
314,Pevek,RU,2022-02-06 15:05:32,69.7008,170.3133,Clouds,scattered clouds,-24.66,99,29,1.61,0.0,0.0
315,Lebu,CL,2022-02-06 15:01:32,-37.6167,-73.65,Clear,clear sky,66.52,60,0,13.94,0.0,0.0
316,Tatarsk,RU,2022-02-06 15:05:33,55.219,75.9828,Clouds,overcast clouds,8.42,80,96,8.28,0.0,0.0
317,Ballina,AU,2022-02-06 15:05:33,-28.8667,153.5667,Clouds,overcast clouds,63.79,94,85,16.62,0.0,0.0
318,Saint-Pierre,RE,2022-02-06 15:05:33,-21.3393,55.4781,Clouds,few clouds,82.08,78,20,2.3,0.0,0.0
319,Folldal,NO,2022-02-06 15:05:34,62.1325,9.9968,Clouds,broken clouds,12.81,90,69,5.88,0.0,0.0
320,Amapa,BR,2022-02-06 15:05:34,1.0,-52.0,Rain,heavy intensity rain,78.13,93,92,3.15,0.0,0.0
321,Santa Cruz,BO,2022-02-06 15:03:12,-17.8,-63.1667,Clouds,overcast clouds,69.82,89,100,10.69,0.0,0.0
322,Port Keats,AU,2022-02-06 15:05:35,-14.25,129.55,Clouds,overcast clouds,78.66,84,87,1.7,0.0,0.0
323,Sioux Lookout,CA,2022-02-06 15:05:35,50.1001,-91.917,Clouds,overcast clouds,-0.02,93,100,6.85,0.0,0.0
324,Lakes Entrance,AU,2022-02-06 15:05:35,-37.8811,147.981,Clear,clear sky,54.57,86,0,8.84,0.0,0.0
325,Kathu,TH,2022-02-06 15:05:36,7.9178,98.3332,Clouds,broken clouds,80.42,76,53,13.27,0.0,0.0
326,Bilibino,RU,2022-02-06 15:05:36,68.0546,166.4372,Clouds,few clouds,-17.95,78,15,4.5,0.0,0.0
327,Muisne,EC,2022-02-06 15:05:36,0.6,-80.0333,Rain,light rain,75.31,81,46,6.15,0.0,0.0
328,Ugoofaaru,MV,2022-02-06 15:05:37,5.6667,73.0,Clouds,overcast clouds,81.64,64,96,11.48,0.0,0.0
329,Omboue,GA,2022-02-06 15:05:37,-1.5746,9.2618,Clouds,scattered clouds,84.4,68,50,9.86,0.0,0.0
330,Arlit,NE,2022-02-06 15:05:37,18.7369,7.3853,Clear,clear sky,83.59,5,0,5.17,0.0,0.0
331,Galapa,CO,2022-02-06 15:05:38,10.8969,-74.886,Clear,clear sky,85.26,54,0,4.61,0.0,0.0
332,Konya,TR,2022-02-06 15:05:38,38.1667,32.5,Clear,clear sky,29.68,83,6,2.13,0.0,0.0
333,Vetapalem,IN,2022-02-06 15:05:39,15.7833,80.3167,Clear,clear sky,75.9,68,9,11.52,0.0,0.0
334,Kavieng,PG,2022-02-06 15:05:39,-2.5744,150.7967,Clouds,overcast clouds,81.79,78,100,4.05,0.0,0.0
335,Tanout,NE,2022-02-06 15:05:39,14.9709,8.8879,Clear,clear sky,80.49,7,0,17.02,0.0,0.0
336,Mazagao,BR,2022-02-06 15:05:40,-0.115,-51.2894,Clouds,overcast clouds,80.65,92,100,2.89,0.0,0.0
337,Urumqi,CN,2022-02-06 15:05:40,43.801,87.6005,Mist,mist,-1.25,85,5,2.24,0.0,0.0
338,Kurumoch,RU,2022-02-06 15:05:40,53.4896,50.0375,Snow,light snow,27.37,86,40,4.47,0.0,0.0
339,Bhuban,IN,2022-02-06 15:05:41,20.8833,85.8333,Clouds,scattered clouds,65.68,46,32,5.08,0.0,0.0
340,Hasaki,JP,2022-02-06 15:05:41,35.7333,140.8333,Clear,clear sky,23.4,39,0,20.36,0.0,0.0
341,Paciran,ID,2022-02-06 15:05:41,-6.8767,112.3761,Clouds,overcast clouds,78.87,89,100,11.43,0.0,0.0
342,Arraial Do Cabo,BR,2022-02-06 15:05:42,-22.9661,-42.0278,Clear,clear sky,91.26,52,0,17.27,0.0,0.0
343,Nizhniy Tsasuchey,RU,2022-02-06 15:05:42,50.5167,115.1333,Clouds,overcast clouds,-1.32,98,92,3.51,0.0,0.0
344,Pryazha,RU,2022-02-06 15:05:43,61.6926,33.6216,Clouds,broken clouds,20.43,94,84,7.56,0.0,0.0
345,Alice Springs,AU,2022-02-06 15:05:43,-23.7,133.8833,Clear,clear sky,63.95,82,0,0.0,0.0,0.0
346,Arman,RU,2022-02-06 15:05:43,59.7,150.1667,Clouds,scattered clouds,-1.17,73,36,10.67,0.0,0.0
347,Avera,US,2022-02-06 15:05:44,33.194,-82.5271,Clouds,scattered clouds,41.68,46,36,12.75,0.0,0.0
348,Glendive,US,2022-02-06 15:05:44,47.1053,-104.7125,Clouds,overcast clouds,33.49,83,100,8.05,0.0,0.0
349,Okhotsk,RU,2022-02-06 15:05:45,59.3833,143.3,Clouds,few clouds,-2.47,68,18,14.45,0.0,0.0
350,Jaque,PA,2022-02-06 15:05:45,7.5175,-78.1703,Clear,clear sky,81.3,64,10,1.68,0.0,0.0
351,Roma,US,2022-02-06 15:01:05,43.2128,-75.4557,Clear,clear sky,19.44,66,0,10.36,0.0,0.0
352,Savelugu,GH,2022-02-06 15:05:46,9.6244,-0.8253,Clear,clear sky,98.87,9,1,5.12,0.0,0.0
353,Ketchikan,US,2022-02-06 15:05:46,55.3422,-131.6461,Rain,moderate rain,45.07,93,100,17.27,3.05,0.0
354,Dhidhdhoo,MV,2022-02-06 15:05:46,6.8833,73.1,Clouds,overcast clouds,80.91,67,95,10.78,0.0,0.0
355,Ushtobe,KZ,2022-02-06 15:05:47,45.2514,77.9838,Clear,clear sky,19.0,87,9,2.93,0.0,0.0
356,Saint-Augustin,CA,2022-02-06 15:05:47,51.226,-58.6502,Clouds,scattered clouds,-4.09,72,25,17.52,0.0,0.0
357,Mogadishu,SO,2022-02-06 15:05:47,2.0371,45.3438,Clouds,scattered clouds,78.84,77,28,19.55,0.0,0.0
358,Lagoa,PT,2022-02-06 15:03:07,39.05,-27.9833,Clear,clear sky,59.95,81,0,8.97,0.0,0.0
359,Cedar City,US,2022-02-06 15:05:48,37.6775,-113.0619,Clear,clear sky,29.39,61,0,11.5,0.0,0.0
360,Vilyuysk,RU,2022-02-06 15:05:48,63.7553,121.6247,Clouds,overcast clouds,-16.82,99,88,6.11,0.0,0.0
361,Ayan,RU,2022-02-06 15:05:48,56.45,138.1667,Clouds,broken clouds,-7.01,78,56,11.54,0.0,0.0
362,Hurghada,EG,2022-02-06 15:03:11,27.2574,33.8129,Clear,clear sky,64.04,45,0,15.03,0.0,0.0
363,Bandarbeyla,SO,2022-02-06 15:05:49,9.4942,50.8122,Clouds,broken clouds,76.35,68,70,12.35,0.0,0.0
364,Isangel,VU,2022-02-06 15:05:49,-19.55,169.2667,Rain,light rain,79.2,90,100,14.09,0.0,0.0
365,Sao Joao Dos Patos,BR,2022-02-06 15:05:50,-6.495,-43.7022,Clouds,overcast clouds,83.05,67,92,3.94,0.0,0.0
366,Anyksciai,LT,2022-02-06 15:05:50,55.5256,25.1026,Snow,snow,33.06,98,100,15.93,0.0,0.0
367,San Policarpo,PH,2022-02-06 15:05:51,12.1791,125.5072,Clouds,few clouds,80.1,78,14,17.43,0.0,0.0
368,Paris,FR,2022-02-06 15:05:04,48.8534,2.3488,Clouds,overcast clouds,52.5,90,100,7.0,0.0,0.0
369,Lewes,GB,2022-02-06 15:05:51,50.8736,0.0113,Clouds,overcast clouds,53.53,80,100,5.01,0.0,0.0
370,Saint-Georges,GD,2022-02-06 15:05:51,12.0564,-61.7485,Clouds,broken clouds,80.76,70,65,14.5,0.0,0.0
371,Lethem,GY,2022-02-06 15:05:52,3.3803,-59.7968,Clouds,overcast clouds,79.18,75,100,6.22,0.0,0.0
372,Launceston,AU,2022-02-06 15:05:52,-41.45,147.1667,Clouds,overcast clouds,58.64,72,100,0.0,0.0,0.0
373,Lago Da Pedra,BR,2022-02-06 15:05:52,-4.3333,-45.1667,Clouds,broken clouds,84.83,70,51,5.26,0.0,0.0
374,Bosaso,SO,2022-02-06 15:05:53,11.2842,49.1816,Clouds,broken clouds,76.89,64,68,4.34,0.0,0.0
375,Lazaro Cardenas,MX,2022-02-06 15:05:53,17.9583,-102.2,Clear,clear sky,76.1,53,4,3.22,0.0,0.0
376,Harper,LR,2022-02-06 15:05:54,4.375,-7.7169,Rain,light rain,83.59,68,81,8.55,0.0,0.0
377,Puerto Carreno,CO,2022-02-06 15:05:54,6.189,-67.4859,Clouds,few clouds,91.58,37,18,6.98,0.0,0.0
378,Matagami,CA,2022-02-06 15:05:55,49.7502,-77.6328,Snow,light snow,5.11,78,100,13.8,0.0,0.0
379,Ostrovnoy,RU,2022-02-06 15:05:55,68.0531,39.5131,Clouds,overcast clouds,15.53,84,100,21.94,0.0,0.0
380,Sangar,RU,2022-02-06 15:05:55,63.9242,127.4739,Clouds,overcast clouds,-33.66,97,98,4.63,0.0,0.0
381,Aripuana,BR,2022-02-06 15:05:56,-9.1667,-60.6333,Clouds,broken clouds,87.85,60,75,1.68,0.0,0.0
382,Grand Gaube,MU,2022-02-06 15:05:56,-20.0064,57.6608,Clouds,overcast clouds,80.38,79,87,7.0,0.0,0.0
383,Maryville,US,2022-02-06 15:05:56,35.7565,-83.9705,Clear,clear sky,36.09,71,0,6.91,0.0,0.0
384,Hohhot,CN,2022-02-06 15:05:56,40.8106,111.6522,Clouds,overcast clouds,18.14,43,100,5.79,0.0,0.0
385,Kondoa,TZ,2022-02-06 15:05:57,-4.9,35.7833,Clouds,overcast clouds,72.19,68,100,1.77,0.0,0.0
386,Fortuna,US,2022-02-06 15:05:57,40.5982,-124.1573,Clear,clear sky,40.12,93,0,6.91,0.0,0.0
387,Paracatu,BR,2022-02-06 15:05:58,-17.2222,-46.8747,Rain,moderate rain,69.44,95,100,2.33,0.0,0.0
388,Hearst,CA,2022-02-06 15:05:58,49.6835,-83.6665,Snow,light snow,12.78,93,100,6.22,0.0,0.0
389,Bathsheba,BB,2022-02-06 15:05:58,13.2167,-59.5167,Clouds,broken clouds,84.81,65,75,21.85,0.0,0.0
390,Dimona,IL,2022-02-06 15:05:59,31.0667,35.0333,Clouds,scattered clouds,52.84,64,32,7.58,0.0,0.0
391,Kango,GA,2022-02-06 15:05:59,0.1943,10.0951,Clouds,broken clouds,90.64,50,57,3.33,0.0,0.0
392,Svetlogorsk,BY,2022-02-06 15:05:59,52.6333,29.7333,Clouds,overcast clouds,32.07,94,100,11.54,0.0,0.0
393,Korla,CN,2022-02-06 15:06:00,41.7597,86.1469,Clear,clear sky,25.75,43,10,5.08,0.0,0.0
394,Brae,GB,2022-02-06 15:06:00,60.3964,-1.353,Clouds,overcast clouds,37.31,87,100,26.06,0.0,0.0
395,Cayenne,GF,2022-02-06 15:03:10,4.9333,-52.3333,Clouds,broken clouds,83.08,80,75,7.0,0.0,0.0
396,Great Yarmouth,GB,2022-02-06 15:06:00,52.6083,1.7305,Rain,light rain,50.22,79,78,31.07,0.0,0.0
397,Vestmanna,FO,2022-02-06 15:06:01,62.1564,-7.1664,Clouds,scattered clouds,32.92,69,40,32.21,0.0,0.0
398,Alofi,NU,2022-02-06 15:06:01,-19.0595,-169.9187,Rain,light rain,79.68,71,100,3.65,0.0,0.0
399,Tartus,SY,2022-02-06 15:06:01,34.889,35.8866,Clouds,overcast clouds,56.5,75,90,14.45,0.0,0.0
400,Puerto Baquerizo Moreno,EC,2022-02-06 15:02:58,-0.9,-89.6,Clouds,scattered clouds,74.91,76,39,11.34,0.0,0.0
401,Maragogi,BR,2022-02-06 15:06:02,-9.0122,-35.2225,Clouds,overcast clouds,84.74,60,99,12.55,0.0,0.0
402,Nalut,LY,2022-02-06 15:06:02,30.3333,10.85,Clouds,overcast clouds,71.13,11,98,11.03,0.0,0.0
403,Bela,IN,2022-02-06 15:06:03,25.9333,81.9833,Clear,clear sky,56.39,60,0,4.99,0.0,0.0
404,San Patricio,US,2022-02-06 15:06:03,28.017,-97.5169,Clear,clear sky,49.84,77,0,4.79,0.0,0.0
405,Myitkyina,MM,2022-02-06 15:06:03,25.3833,97.4,Clear,clear sky,54.72,83,1,3.18,0.0,0.0
406,Ondjiva,AO,2022-02-06 15:06:04,-17.0667,15.7333,Rain,light rain,77.81,50,100,5.44,0.0,0.0
407,Kashi,CN,2022-02-06 15:06:04,39.4547,75.9797,Clouds,overcast clouds,27.27,66,100,4.09,0.0,0.0
408,Ulladulla,AU,2022-02-06 15:06:04,-35.35,150.4667,Clouds,broken clouds,64.87,82,64,10.94,0.0,0.0
409,Mende,FR,2022-02-06 15:06:05,44.6667,3.5,Clouds,overcast clouds,33.24,81,100,8.86,0.0,0.0
410,Kaka,TM,2022-02-06 15:06:05,37.3482,59.6143,Clouds,overcast clouds,37.18,96,100,2.48,0.0,0.0
411,Melilla,ES,2022-02-06 15:06:05,35.2937,-2.9383,Clouds,broken clouds,61.18,77,75,9.22,0.0,0.0
412,Sisophon,KH,2022-02-06 15:06:06,13.5859,102.9737,Clouds,few clouds,83.3,49,11,4.43,0.0,0.0
413,Saldanha,ZA,2022-02-06 15:06:06,-33.0117,17.9442,Clouds,scattered clouds,69.73,79,37,10.74,0.0,0.0
414,Sunrise Manor,US,2022-02-06 15:06:06,36.2111,-115.0731,Clear,clear sky,53.11,25,0,1.99,0.0,0.0
415,Tsumeb,NA,2022-02-06 15:06:07,-19.2333,17.7167,Rain,moderate rain,75.09,67,95,7.0,0.0,0.0
416,Berlevag,NO,2022-02-06 15:06:07,70.8578,29.0864,Clouds,broken clouds,24.8,85,75,23.96,0.0,0.0
417,Provideniya,RU,2022-02-06 15:06:07,64.3833,-173.3,Clear,clear sky,-2.94,77,0,9.78,0.0,0.0
418,Hyeres,FR,2022-02-06 15:06:08,43.1167,6.1167,Clear,clear sky,61.45,32,0,13.8,0.0,0.0
419,Pirna,DE,2022-02-06 15:06:08,50.9584,13.937,Rain,light rain,47.1,65,100,22.21,0.0,0.0
420,Moose Factory,CA,2022-02-06 15:06:08,51.2585,-80.6094,Clouds,overcast clouds,-0.42,78,100,8.05,0.0,0.0
421,Suez,EG,2022-02-06 15:06:09,29.9737,32.5263,Clear,clear sky,62.19,48,0,5.37,0.0,0.0
422,Acapulco,MX,2022-02-06 15:06:09,16.8634,-99.8901,Clear,clear sky,78.62,61,0,6.91,0.0,0.0
423,Ziarat,PK,2022-02-06 15:06:09,30.3823,67.7282,Clouds,broken clouds,37.9,62,55,5.93,0.0,0.0
424,Darhan,MN,2022-02-06 15:06:10,49.4867,105.9228,Snow,light snow,-1.64,90,24,6.62,0.0,0.0
425,Mora,CM,2022-02-06 15:06:10,11.0461,14.1401,Clear,clear sky,87.08,10,0,7.14,0.0,0.0
426,Maubeuge,FR,2022-02-06 15:06:11,50.2788,3.9727,Clouds,overcast clouds,49.53,78,100,8.01,0.0,0.0
427,Cascais,PT,2022-02-06 15:06:11,38.6979,-9.4215,Clear,clear sky,69.62,40,0,1.99,0.0,0.0
428,Labuhan,ID,2022-02-06 15:06:11,-6.8844,112.2051,Clouds,overcast clouds,78.75,90,100,10.16,0.0,0.0
429,Kumluca,TR,2022-02-06 15:06:12,36.3703,30.2869,Clouds,overcast clouds,56.68,75,89,2.66,0.0,0.0
430,Aksu,CN,2022-02-06 15:06:12,41.1231,80.2644,Clouds,broken clouds,24.62,44,79,4.18,0.0,0.0
431,Yabrud,SY,2022-02-06 15:06:12,33.9674,36.6574,Clouds,scattered clouds,44.26,67,50,2.91,0.0,0.0
432,Vila Velha,BR,2022-02-06 15:04:46,-20.3297,-40.2925,Clouds,scattered clouds,87.75,64,40,15.99,0.0,0.0
433,Oldenburg,DE,2022-02-06 15:06:13,53.1667,8.2,Clouds,overcast clouds,44.91,92,100,17.22,0.0,0.0
434,Mayahi,NE,2022-02-06 15:06:13,13.9553,7.6712,Clear,clear sky,85.77,8,0,14.41,0.0,0.0
435,Isla Mujeres,MX,2022-02-06 15:06:14,21.2311,-86.731,Clouds,broken clouds,73.45,82,58,15.3,0.0,0.0
436,Kodinar,IN,2022-02-06 15:06:14,20.7903,70.7031,Clear,clear sky,68.09,68,6,9.37,0.0,0.0
437,Gizo,SB,2022-02-06 15:06:14,-8.103,156.8419,Clouds,overcast clouds,83.12,78,94,13.91,0.0,0.0
438,Tommot,RU,2022-02-06 15:06:15,58.9564,126.2925,Clouds,broken clouds,-23.13,99,71,2.26,0.0,0.0
439,Gogaran,AM,2022-02-06 15:06:15,40.8926,44.1992,Clouds,overcast clouds,17.44,78,99,6.2,0.0,0.0
440,Udachnyy,RU,2022-02-06 15:06:16,66.4167,112.4,Clouds,overcast clouds,-11.45,99,99,3.31,0.0,0.0
441,Nouakchott,MR,2022-02-06 15:06:16,18.0858,-15.9785,Clear,clear sky,93.13,39,0,8.7,0.0,0.0
442,Ibotirama,BR,2022-02-06 15:06:16,-12.1853,-43.2206,Clouds,overcast clouds,79.84,71,95,2.68,0.0,0.0
443,Atbasar,KZ,2022-02-06 15:06:17,51.8,68.3333,Clouds,broken clouds,8.92,86,80,10.31,0.0,0.0
444,Aluksne,LV,2022-02-06 15:06:17,57.4167,27.05,Snow,light snow,31.48,97,100,13.42,0.0,0.0
445,Morgan City,US,2022-02-06 15:06:17,29.6994,-91.2068,Clear,clear sky,45.0,87,0,4.61,0.0,0.0
446,Kupang,ID,2022-02-06 15:06:18,-10.1667,123.5833,Clouds,broken clouds,80.1,85,80,7.16,0.0,0.0
447,Puerto Asis,CO,2022-02-06 15:06:18,0.5133,-76.5007,Clouds,overcast clouds,77.56,94,99,1.07,0.0,0.0
448,Qaqortoq,GL,2022-02-06 15:06:18,60.7167,-46.0333,Clouds,overcast clouds,7.3,54,100,4.29,0.0,0.0
449,Hambantota,LK,2022-02-06 15:06:19,6.1241,81.1185,Clouds,scattered clouds,80.94,89,40,0.0,0.0,0.0
450,Umea,SE,2022-02-06 15:06:19,63.8284,20.2597,Clouds,overcast clouds,31.93,100,100,4.61,0.0,0.0
451,Sars,RU,2022-02-06 15:06:19,56.5502,57.1366,Clouds,overcast clouds,20.64,90,100,8.16,0.0,0.0
452,Mangrol,IN,2022-02-06 15:06:20,21.1167,70.1167,Clear,clear sky,68.95,65,6,8.52,0.0,0.0
453,Waipawa,NZ,2022-02-06 15:06:20,-41.4122,175.5153,Clouds,overcast clouds,56.44,80,100,11.27,0.0,0.0
454,Buarcos,PT,2022-02-06 15:06:21,40.166,-8.8768,Clouds,scattered clouds,69.24,46,40,11.9,0.0,0.0
455,Ancud,CL,2022-02-06 15:02:10,-41.8697,-73.8203,Clear,clear sky,73.22,67,9,4.94,0.0,0.0
456,Auburn,US,2022-02-06 15:01:42,47.3073,-122.2284,Fog,fog,41.58,94,100,8.05,0.0,0.0
457,Lahti,RU,2022-02-06 15:06:21,59.9911,30.1597,Snow,light snow,34.99,90,100,13.65,0.0,0.0
458,Husavik,IS,2022-02-06 15:06:21,66.0449,-17.3389,Snow,light snow,25.68,86,100,16.42,0.0,0.0
459,Yining,CN,2022-02-06 15:06:22,29.0361,114.5636,Rain,light rain,37.02,92,100,3.44,0.0,0.0
460,Kafue,ZM,2022-02-06 15:06:22,-15.7691,28.1814,Clouds,overcast clouds,65.12,95,100,5.55,0.0,0.0
461,Umm Lajj,SA,2022-02-06 15:02:11,25.0213,37.2685,Clear,clear sky,71.98,42,0,23.64,0.0,0.0
462,Williston,US,2022-02-06 15:03:25,48.147,-103.618,Clouds,overcast clouds,29.91,82,86,3.83,0.0,0.0
463,Polunochnoye,RU,2022-02-06 15:06:23,60.8697,60.4153,Snow,light snow,7.32,96,100,5.88,0.0,0.0
464,Mehamn,NO,2022-02-06 15:06:23,71.0357,27.8492,Clear,clear sky,24.75,86,0,33.38,0.0,0.0
465,Fevik,NO,2022-02-06 15:06:23,58.3794,8.6766,Clouds,overcast clouds,36.09,73,85,14.12,0.0,0.0
466,Yashan,CN,2022-02-06 15:06:24,22.1975,109.9419,Clouds,overcast clouds,61.0,83,99,4.14,0.0,0.0
467,Tulum,MX,2022-02-06 15:06:24,20.2167,-87.4667,Clouds,scattered clouds,75.25,75,35,8.14,0.0,0.0
468,Anakapalle,IN,2022-02-06 15:06:24,17.6833,83.0167,Clouds,broken clouds,75.15,67,54,0.43,0.0,0.0
469,Kuala Lipis,MY,2022-02-06 15:06:25,4.1842,102.0468,Clouds,overcast clouds,72.97,97,100,1.5,0.0,0.0
470,Huarmey,PE,2022-02-06 15:06:25,-10.0681,-78.1522,Clouds,broken clouds,73.45,76,76,8.25,0.0,0.0
471,Innisfail,AU,2022-02-06 15:06:25,-17.5333,146.0333,Clouds,broken clouds,73.0,89,71,4.65,0.0,0.0
472,Geraldton,AU,2022-02-06 15:06:26,-28.7667,114.6,Clouds,broken clouds,70.21,60,75,14.97,0.0,0.0
473,Suntar,RU,2022-02-06 15:06:26,62.1444,117.6319,Clouds,overcast clouds,2.97,98,100,2.21,0.0,0.0
474,Saint-Francois,FR,2022-02-06 15:06:26,46.4154,3.9054,Clouds,overcast clouds,47.64,69,100,13.8,0.0,0.0
475,Orlovskiy,RU,2022-02-06 15:06:27,46.8714,42.0592,Snow,snow,32.59,99,100,5.46,0.0,0.0
476,Tyrma,RU,2022-02-06 15:06:27,50.0833,132.1667,Clouds,overcast clouds,-11.0,100,99,0.54,0.0,0.0
477,Muzhi,RU,2022-02-06 15:06:27,65.3667,64.6667,Clouds,broken clouds,-18.58,100,75,0.6,0.0,0.0
478,Kropotkin,RU,2022-02-06 15:06:28,45.4375,40.5756,Snow,snow,33.26,98,100,18.25,0.0,0.0
479,Marquette,US,2022-02-06 15:06:28,46.5333,-87.6335,Clouds,scattered clouds,17.67,79,42,6.82,0.0,0.0
480,Kaluga,RU,2022-02-06 15:06:29,54.5,35.5,Clouds,broken clouds,29.71,96,69,7.7,0.0,0.0
481,Acari,PE,2022-02-06 15:06:29,-15.4311,-74.6158,Clouds,overcast clouds,78.73,59,85,7.49,0.0,0.0
482,Presidencia Roque Saenz Pena,AR,2022-02-06 15:06:29,-26.7852,-60.4388,Clear,clear sky,80.98,33,9,11.72,0.0,0.0
483,Loudi,CN,2022-02-06 15:06:30,27.7344,111.9944,Rain,light rain,37.51,91,100,4.09,0.0,0.0
484,Clinton,US,2022-02-06 15:06:30,42.587,-82.9199,Clear,clear sky,23.77,76,0,3.0,0.0,0.0
485,Whitianga,NZ,2022-02-06 15:06:30,-36.8333,175.7,Rain,light rain,65.01,99,100,10.54,0.0,0.0
486,Sao Felix Do Xingu,BR,2022-02-06 15:06:31,-6.6447,-51.995,Clouds,overcast clouds,87.35,61,97,1.81,0.0,0.0
487,Caxias,PT,2022-02-06 15:06:31,38.7031,-9.2767,Clear,clear sky,69.6,40,0,1.99,0.0,0.0
488,Ahlat,TR,2022-02-06 15:06:31,38.7518,42.4814,Clouds,overcast clouds,20.19,77,99,3.83,0.0,0.0
489,Wagar,SD,2022-02-06 15:06:32,16.1525,36.2032,Clear,clear sky,81.99,18,0,13.31,0.0,0.0
490,Troyes,FR,2022-02-06 15:06:32,48.3333,4.0833,Clouds,overcast clouds,48.25,87,100,28.77,0.0,0.0
491,Delhi,IN,2022-02-06 15:06:32,28.6667,77.2167,Haze,haze,62.31,67,0,4.61,0.0,0.0
492,Tucurui,BR,2022-02-06 15:05:07,-3.7661,-49.6725,Rain,light rain,82.87,80,78,3.02,0.0,0.0
493,Jalu,LY,2022-02-06 15:06:33,29.0331,21.5482,Clear,clear sky,69.89,19,3,3.27,0.0,0.0
494,Tlalchapa,MX,2022-02-06 15:06:33,18.4,-100.4667,Clear,clear sky,76.05,40,0,1.12,0.0,0.0
495,Karaton,ID,2022-02-06 15:06:34,-6.3424,106.1045,Clouds,overcast clouds,77.16,93,91,4.07,0.0,0.0
496,Fortuna Foothills,US,2022-02-06 15:06:34,32.6578,-114.4119,Clear,clear sky,47.55,26,4,5.44,0.0,0.0
497,Qui Nhon,VN,2022-02-06 15:05:30,13.7667,109.2333,Clouds,overcast clouds,72.16,91,100,7.92,0.0,0.0
498,Hualmay,PE,2022-02-06 15:06:35,-11.0964,-77.6139,Clouds,overcast clouds,72.59,74,96,7.36,0.0,0.0
499,Samarai,PG,2022-02-06 15:06:35,-10.6167,150.6667,Clouds,overcast clouds,81.5,80,100,14.32,0.0,0.0
500,Srednekolymsk,RU,2022-02-06 15:06:35,67.45,153.6833,Clouds,broken clouds,-36.8,100,58,1.05,0.0,0.0
501,Lokoja,NG,2022-02-06 15:06:36,7.8024,6.743,Clear,clear sky,100.81,9,1,6.89,0.0,0.0
502,Vanimo,PG,2022-02-06 15:06:36,-2.6741,141.3028,Clouds,broken clouds,78.75,85,83,4.9,0.0,0.0
503,Arona,ES,2022-02-06 15:06:36,28.0996,-16.681,Clear,clear sky,72.91,38,0,1.99,0.0,0.0
504,Ponta Delgada,PT,2022-02-06 15:06:37,37.7333,-25.6667,Clouds,scattered clouds,63.32,82,40,14.97,0.0,0.0
505,Katsuura,JP,2022-02-06 15:06:37,35.1333,140.3,Clear,clear sky,35.71,43,4,14.25,0.0,0.0
506,Dongfeng,CN,2022-02-06 15:06:37,42.6403,125.5118,Clear,clear sky,2.14,87,4,4.47,0.0,0.0
507,Phan Thiet,VN,2022-02-06 15:01:54,10.9333,108.1,Clouds,overcast clouds,77.02,76,100,9.48,0.0,0.0
508,San Borja,BO,2022-02-06 15:06:38,-14.8167,-66.85,Rain,moderate rain,71.51,99,100,6.04,0.0,0.0
509,Dekalb,US,2022-02-06 15:06:38,33.7504,-84.2333,Clear,clear sky,39.16,54,0,10.36,0.0,0.0
510,Batagay,RU,2022-02-06 15:06:38,67.6333,134.6333,Clouds,overcast clouds,-38.38,97,100,1.92,0.0,0.0
511,Namatanai,PG,2022-02-06 15:06:39,-3.6667,152.4333,Clouds,overcast clouds,80.11,81,90,4.25,0.0,0.0
512,Severo-Kurilsk,RU,2022-02-06 15:06:39,50.6789,156.125,Clouds,overcast clouds,30.34,86,100,8.52,0.0,0.0
513,Goba,ET,2022-02-06 15:06:40,7.0167,39.9833,Clouds,overcast clouds,63.84,22,100,6.38,0.0,0.0
514,Celestun,MX,2022-02-06 15:06:40,20.8667,-90.4,Clouds,broken clouds,73.76,77,58,12.5,0.0,0.0
515,Mosquera,CO,2022-02-06 15:05:51,4.7059,-74.2302,Clouds,broken clouds,60.89,72,75,5.75,0.0,0.0
516,Mountain Home,US,2022-02-06 15:03:59,43.133,-115.6912,Clear,clear sky,25.79,100,0,3.44,0.0,0.0
517,Lasa,IT,2022-02-06 15:06:41,46.6166,10.7002,Clouds,overcast clouds,43.54,76,91,3.67,0.0,0.0
518,Barra,BR,2022-02-06 15:06:41,-11.0894,-43.1417,Clouds,broken clouds,86.45,48,82,6.91,0.0,0.0
519,Camapua,BR,2022-02-06 15:06:41,-19.5314,-54.0439,Clouds,overcast clouds,82.47,73,100,3.27,0.0,0.0
520,Bunia,CD,2022-02-06 15:06:42,1.5667,30.25,Clouds,overcast clouds,85.1,21,98,6.26,0.0,0.0
521,Karratha,AU,2022-02-06 15:06:42,-20.7377,116.8463,Clouds,few clouds,84.52,80,22,3.74,0.0,0.0
522,Beloha,MG,2022-02-06 15:06:42,-25.1667,45.05,Rain,light rain,75.27,91,100,22.73,0.0,0.0
523,At-Bashi,KG,2022-02-06 15:06:43,41.1702,75.8106,Snow,light snow,16.88,96,100,3.65,0.0,0.0
524,Joetsu,JP,2022-02-06 15:06:43,37.1483,138.2364,Snow,light snow,33.76,74,100,20.22,0.0,0.0
525,Opuwo,NA,2022-02-06 15:06:44,-18.0607,13.84,Clouds,overcast clouds,82.8,25,99,6.58,0.0,0.0
526,Bhimavaram,IN,2022-02-06 15:06:44,16.5333,81.5333,Clouds,few clouds,70.66,75,19,6.78,0.0,0.0
527,Namibe,AO,2022-02-06 15:06:44,-15.1961,12.1522,Clouds,overcast clouds,78.55,59,92,15.97,0.0,0.0
528,Helong,CN,2022-02-06 15:06:45,42.5397,128.9972,Clouds,broken clouds,8.17,80,64,7.11,0.0,0.0
529,El Alto,PE,2022-02-06 15:06:45,-4.2714,-81.2147,Clouds,broken clouds,74.86,63,67,11.86,0.0,0.0
530,Tabou,CI,2022-02-06 15:06:45,4.423,-7.3528,Clouds,broken clouds,84.34,65,83,9.26,0.0,0.0
531,Port Blair,IN,2022-02-06 15:06:46,11.6667,92.75,Clear,clear sky,79.74,78,10,11.05,0.0,0.0
532,Susangerd,IR,2022-02-06 15:06:46,31.5608,48.1831,Clear,clear sky,64.42,36,0,11.32,0.0,0.0
533,Sicamous,CA,2022-02-06 15:06:47,50.8331,-118.9856,Clouds,overcast clouds,31.28,96,100,3.29,0.0,0.0
534,Coihaique,CL,2022-02-06 15:06:47,-45.5752,-72.0662,Clear,clear sky,68.61,55,0,4.61,0.0,0.0
535,San Ignacio,BZ,2022-02-06 15:06:47,17.1561,-89.0714,Clouds,overcast clouds,68.04,97,100,0.74,0.0,0.0
536,Matara,LK,2022-02-06 15:06:48,5.9485,80.5353,Clouds,broken clouds,77.49,79,80,3.2,0.0,0.0
537,Saint-Joseph,RE,2022-02-06 15:06:48,-21.3667,55.6167,Clouds,overcast clouds,80.98,76,100,12.19,0.0,0.0
538,Sisimiut,GL,2022-02-06 15:06:48,66.9395,-53.6735,Clouds,overcast clouds,-0.54,89,100,7.0,0.0,0.0
539,Hofn,IS,2022-02-06 15:03:11,64.2539,-15.2082,Clear,clear sky,32.02,51,0,18.41,0.0,0.0
540,Thinadhoo,MV,2022-02-06 15:06:49,0.5333,72.9333,Clear,clear sky,82.72,69,9,10.29,0.0,0.0
541,Teluk Intan,MY,2022-02-06 15:06:49,4.0259,101.0213,Clouds,overcast clouds,75.02,94,97,1.12,0.0,0.0
542,Beira,MZ,2022-02-06 15:06:49,-19.8436,34.8389,Rain,light rain,81.5,77,8,12.71,0.0,0.0
543,Saint George,US,2022-02-06 15:06:50,37.1041,-113.5841,Clear,clear sky,42.35,47,0,0.0,0.0,0.0
544,Monticello,US,2022-02-06 15:06:50,45.3055,-93.7941,Clouds,overcast clouds,23.32,83,100,13.8,0.0,0.0
545,Amahai,ID,2022-02-06 15:06:50,-3.3333,128.9167,Clouds,overcast clouds,79.21,81,95,3.76,0.0,0.0
546,Kuah,MY,2022-02-06 15:06:51,6.3265,99.8432,Rain,heavy intensity rain,82.09,71,58,16.06,0.0,0.0
547,Andenes,NO,2022-02-06 15:03:10,69.3143,16.1194,Clear,clear sky,30.18,69,0,11.5,0.0,0.0
548,Nioaque,BR,2022-02-06 15:06:51,-21.1353,-55.83,Clouds,overcast clouds,82.13,70,97,7.85,0.0,0.0
549,Kostomuksha,RU,2022-02-06 15:06:51,64.571,30.5767,Clouds,overcast clouds,19.49,92,100,10.98,0.0,0.0
550,Opelousas,US,2022-02-06 15:06:52,30.5335,-92.0815,Clear,clear sky,41.88,70,0,3.44,0.0,0.0
